"OTU","Kingdom","Phylum","Class","Order","Family","Genus","Species"
"4449518","k__Bacteria","p__Bacteroidetes","c__Bacteroidia","o__Bacteroidales","f__Rikenellaceae","g__","s__"
"465433","k__Bacteria","p__Bacteroidetes","c__Bacteroidia","o__Bacteroidales","f__Rikenellaceae","g__","s__"
"269886","k__Bacteria","p__Firmicutes","c__Clostridia","o__Clostridiales","f__","g__","s__"
"177195","k__Bacteria","p__Firmicutes","c__Clostridia","o__Clostridiales","f__","g__","s__"
"262556","k__Bacteria","p__Firmicutes","c__Clostridia","o__Clostridiales","f__","g__","s__"
"1109864","k__Bacteria","p__Firmicutes","c__Clostridia","o__Clostridiales","f__","g__","s__"
"2901246","k__Bacteria","p__Firmicutes","c__Clostridia","o__Clostridiales","f__","g__","s__"
"325541","k__Bacteria","p__Firmicutes","c__Clostridia","o__Clostridiales","f__","g__","s__"
"260205","k__Bacteria","p__Firmicutes","c__Clostridia","o__Clostridiales","f__","g__","s__"
"174285","k__Bacteria","p__Firmicutes","c__Clostridia","o__Clostridiales","f__","g__","s__"
"176486","k__Bacteria","p__Firmicutes","c__Clostridia","o__Clostridiales","f__","g__","s__"
"184966","k__Bacteria","p__Firmicutes","c__Clostridia","o__Clostridiales","f__","g__","s__"
"260018","k__Bacteria","p__Firmicutes","c__Clostridia","o__Clostridiales","f__","g__","s__"
"163997","k__Bacteria","p__Firmicutes","c__Clostridia","o__Clostridiales","f__","g__","s__"
"272201","k__Bacteria","p__Firmicutes","c__Clostridia","o__Clostridiales","f__","g__","s__"
"271230","k__Bacteria","p__Firmicutes","c__Clostridia","o__Clostridiales","f__","g__","s__"
"176691","k__Bacteria","p__Firmicutes","c__Clostridia","o__Clostridiales","f__","g__","s__"
"184318","k__Bacteria","p__Firmicutes","c__Clostridia","o__Clostridiales","f__","g__","s__"
"197126","k__Bacteria","p__Firmicutes","c__Clostridia","o__Clostridiales","f__","g__","s__"
"262104","k__Bacteria","p__Firmicutes","c__Clostridia","o__Clostridiales","f__","g__","s__"
"271866","k__Bacteria","p__Firmicutes","c__Clostridia","o__Clostridiales","f__","g__","s__"
"307170","k__Bacteria","p__Firmicutes","c__Clostridia","o__Clostridiales","f__","g__","s__"
"258522","k__Bacteria","p__Firmicutes","c__Clostridia","o__Clostridiales","f__","g__","s__"
"839233","k__Bacteria","p__Firmicutes","c__Clostridia","o__Clostridiales","f__","g__","s__"
"258438","k__Bacteria","p__Firmicutes","c__Clostridia","o__Clostridiales","f__","g__","s__"
"174126","k__Bacteria","p__Firmicutes","c__Clostridia","o__Clostridiales","f__","g__","s__"
"263731","k__Bacteria","p__Firmicutes","c__Clostridia","o__Clostridiales","f__","g__","s__"
"266091","k__Bacteria","p__Firmicutes","c__Clostridia","o__Clostridiales","f__","g__","s__"
"264586","k__Bacteria","p__Firmicutes","c__Clostridia","o__Clostridiales","f__","g__","s__"
"3919797","k__Bacteria","p__Firmicutes","c__Clostridia","o__Clostridiales","f__","g__","s__"
"258165","k__Bacteria","p__Firmicutes","c__Clostridia","o__Clostridiales","f__","g__","s__"
"184451","k__Bacteria","p__Firmicutes","c__Clostridia","o__Clostridiales","f__","g__","s__"
"265912","k__Bacteria","p__Firmicutes","c__Clostridia","o__Clostridiales","f__","g__","s__"
"191811","k__Bacteria","p__Firmicutes","c__Clostridia","o__Clostridiales","f__","g__","s__"
"197706","k__Bacteria","p__Firmicutes","c__Clostridia","o__Clostridiales","f__","g__","s__"
"267717","k__Bacteria","p__Firmicutes","c__Clostridia","o__Clostridiales","f__","g__","s__"
"267124","k__Bacteria","p__Firmicutes","c__Clostridia","o__Clostridiales","f__","g__","s__"
"259511","k__Bacteria","p__Firmicutes","c__Clostridia","o__Clostridiales","f__","g__","s__"
"228043","k__Bacteria","p__Firmicutes","c__Clostridia","o__Clostridiales","f__","g__","s__"
"173892","k__Bacteria","p__Firmicutes","c__Clostridia","o__Clostridiales","f__Lachnospiraceae","g__","s__"
"174847","k__Bacteria","p__Firmicutes","c__Clostridia","o__Clostridiales","f__","g__","s__"
"295188","k__Bacteria","p__Bacteroidetes","c__Bacteroidia","o__Bacteroidales","f__S24-7","g__","s__"
"210950","k__Bacteria","p__Bacteroidetes","c__Bacteroidia","o__Bacteroidales","f__S24-7","g__","s__"
"195005","k__Bacteria","p__Bacteroidetes","c__Bacteroidia","o__Bacteroidales","f__S24-7","g__","s__"
"242029","k__Bacteria","p__Bacteroidetes","c__Bacteroidia","o__Bacteroidales","f__S24-7","g__","s__"
"1051764","k__Bacteria","p__Bacteroidetes","c__Bacteroidia","o__Bacteroidales","f__S24-7","g__","s__"
"203713","k__Bacteria","p__Bacteroidetes","c__Bacteroidia","o__Bacteroidales","f__S24-7","g__","s__"
"134762","k__Bacteria","p__Bacteroidetes","c__Bacteroidia","o__Bacteroidales","f__S24-7","g__","s__"
"179838","k__Bacteria","p__Bacteroidetes","c__Bacteroidia","o__Bacteroidales","f__S24-7","g__","s__"
"329502","k__Bacteria","p__Bacteroidetes","c__Bacteroidia","o__Bacteroidales","f__S24-7","g__","s__"
"38278","k__Bacteria","p__Bacteroidetes","c__Bacteroidia","o__Bacteroidales","f__S24-7","g__","s__"
"356164","k__Bacteria","p__Bacteroidetes","c__Bacteroidia","o__Bacteroidales","f__S24-7","g__","s__"
"190835","k__Bacteria","p__Bacteroidetes","c__Bacteroidia","o__Bacteroidales","f__S24-7","g__","s__"
"183446","k__Bacteria","p__Bacteroidetes","c__Bacteroidia","o__Bacteroidales","f__S24-7","g__","s__"
"299687","k__Bacteria","p__Bacteroidetes","c__Bacteroidia","o__Bacteroidales","f__S24-7","g__","s__"
"1105589","k__Bacteria","p__Bacteroidetes","c__Bacteroidia","o__Bacteroidales","f__S24-7","g__","s__"
"180405","k__Bacteria","p__Bacteroidetes","c__Bacteroidia","o__Bacteroidales","f__S24-7","g__","s__"
"292591","k__Bacteria","p__Bacteroidetes","c__Bacteroidia","o__Bacteroidales","f__S24-7","g__","s__"
"176154","k__Bacteria","p__Bacteroidetes","c__Bacteroidia","o__Bacteroidales","f__S24-7","g__","s__"
"320169","k__Bacteria","p__Bacteroidetes","c__Bacteroidia","o__Bacteroidales","f__S24-7","g__","s__"
"353073","k__Bacteria","p__Bacteroidetes","c__Bacteroidia","o__Bacteroidales","f__S24-7","g__","s__"
"207284","k__Bacteria","p__Bacteroidetes","c__Bacteroidia","o__Bacteroidales","f__S24-7","g__","s__"
"4432841","k__Bacteria","p__Tenericutes","c__Mollicutes","o__RF39","f__","g__","s__"
"258232","k__Bacteria","p__Firmicutes","c__Clostridia","o__Clostridiales","f__","g__","s__"
"4480557","k__Bacteria","p__Firmicutes","c__Clostridia","o__Clostridiales","f__Lachnospiraceae","g__","s__"
"177590","k__Bacteria","p__Firmicutes","c__Clostridia","o__Clostridiales","f__Lachnospiraceae","g__","s__"
"4481359","k__Bacteria","p__Firmicutes","c__Clostridia","o__Clostridiales","f__Lachnospiraceae","g__","s__"
"271804","k__Bacteria","p__Firmicutes","c__Clostridia","o__Clostridiales","f__Lachnospiraceae","g__","s__"
"273967","k__Bacteria","p__Firmicutes","c__Clostridia","o__Clostridiales","f__Lachnospiraceae","g__","s__"
"214835","k__Bacteria","p__Firmicutes","c__Clostridia","o__Clostridiales","f__Lachnospiraceae","g__","s__"
"177068","k__Bacteria","p__Firmicutes","c__Clostridia","o__Clostridiales","f__","g__","s__"
"182712","k__Bacteria","p__Firmicutes","c__Clostridia","o__Clostridiales","f__","g__","s__"
"174184","k__Bacteria","p__Firmicutes","c__Clostridia","o__Clostridiales","f__Lachnospiraceae",NA,NA
"1105751","k__Bacteria","p__Firmicutes","c__Clostridia","o__Clostridiales","f__Lachnospiraceae","g__","s__"
"275470","k__Bacteria","p__Firmicutes","c__Clostridia","o__Clostridiales","f__Lachnospiraceae","g__","s__"
"287507","k__Bacteria","p__Firmicutes","c__Clostridia","o__Clostridiales","f__Lachnospiraceae","g__","s__"
"268620","k__Bacteria","p__Firmicutes","c__Clostridia","o__Clostridiales","f__Lachnospiraceae","g__","s__"
"190273","k__Bacteria","p__Firmicutes","c__Clostridia","o__Clostridiales","f__Lachnospiraceae","g__","s__"
"194878","k__Bacteria","p__Firmicutes","c__Clostridia","o__Clostridiales","f__","g__","s__"
"180972","k__Bacteria","p__Firmicutes","c__Clostridia","o__Clostridiales","f__","g__","s__"
"186760","k__Bacteria","p__Firmicutes","c__Clostridia","o__Clostridiales","f__","g__","s__"
"263612","k__Bacteria","p__Firmicutes","c__Clostridia","o__Clostridiales","f__","g__","s__"
"2120779","k__Bacteria","p__Firmicutes","c__Clostridia","o__Clostridiales","f__","g__","s__"
"175416","k__Bacteria","p__Firmicutes","c__Clostridia","o__Clostridiales","f__","g__","s__"
"172464","k__Bacteria","p__Firmicutes","c__Clostridia","o__Clostridiales","f__","g__","s__"
"174698","k__Bacteria","p__Firmicutes","c__Clostridia","o__Clostridiales","f__","g__","s__"
"3868285","k__Bacteria","p__Firmicutes","c__Clostridia","o__Clostridiales","f__","g__","s__"
"351094","k__Bacteria","p__Firmicutes","c__Clostridia","o__Clostridiales","f__","g__","s__"
"335057","k__Bacteria","p__Firmicutes","c__Clostridia","o__Clostridiales","f__","g__","s__"
"229562","k__Bacteria","p__Firmicutes","c__Clostridia","o__Clostridiales","f__","g__","s__"
"129394","k__Bacteria","p__Firmicutes","c__Clostridia","o__Clostridiales","f__","g__","s__"
"321469","k__Bacteria","p__Firmicutes","c__Clostridia","o__Clostridiales","f__","g__","s__"
"4334624","k__Bacteria","p__Firmicutes","c__Clostridia","o__Clostridiales","f__","g__","s__"
"830014","k__Bacteria","p__Firmicutes","c__Clostridia","o__Clostridiales","f__","g__","s__"
"4407190","k__Bacteria","p__Firmicutes","c__Clostridia","o__Clostridiales","f__","g__","s__"
"194504","k__Bacteria","p__Firmicutes","c__Clostridia","o__Clostridiales","f__","g__","s__"
"1107303","k__Bacteria","p__Firmicutes","c__Clostridia","o__Clostridiales","f__","g__","s__"
"174824","k__Bacteria","p__Firmicutes","c__Clostridia","o__Clostridiales","f__","g__","s__"
"4393892","k__Bacteria","p__Firmicutes","c__Clostridia","o__Clostridiales","f__","g__","s__"
"174667","k__Bacteria","p__Firmicutes","c__Clostridia","o__Clostridiales","f__Lachnospiraceae","g__","s__"
"263933","k__Bacteria","p__Firmicutes","c__Clostridia","o__Clostridiales","f__Lachnospiraceae","g__","s__"
"3265889","k__Bacteria","p__Firmicutes","c__Clostridia","o__Clostridiales","f__Lachnospiraceae","g__","s__"
"185587","k__Bacteria","p__Firmicutes","c__Clostridia","o__Clostridiales","f__Lachnospiraceae","g__","s__"
"134065","k__Bacteria","p__Firmicutes","c__Clostridia","o__Clostridiales","f__Lachnospiraceae","g__","s__"
"176139","k__Bacteria","p__Firmicutes","c__Clostridia","o__Clostridiales","f__Lachnospiraceae","g__","s__"
"3694603","k__Bacteria","p__Firmicutes","c__Clostridia","o__Clostridiales","f__Lachnospiraceae","g__","s__"
"832848","k__Bacteria","p__Firmicutes","c__Clostridia","o__Clostridiales","f__","g__","s__"
"178490","k__Bacteria","p__Firmicutes","c__Clostridia","o__Clostridiales","f__","g__","s__"
"176298","k__Bacteria","p__Firmicutes","c__Clostridia","o__Clostridiales","f__","g__","s__"
"631564","k__Bacteria","p__Firmicutes","c__Clostridia","o__Clostridiales","f__","g__","s__"
"4383135","k__Bacteria","p__Firmicutes","c__Clostridia","o__Clostridiales","f__","g__","s__"
"779847","k__Bacteria","p__Firmicutes","c__Clostridia","o__Clostridiales","f__","g__","s__"
"234054","k__Bacteria","p__Firmicutes","c__Clostridia","o__Clostridiales","f__","g__","s__"
"261373","k__Bacteria","p__Firmicutes","c__Clostridia","o__Clostridiales","f__","g__","s__"
"828708","k__Bacteria","p__Firmicutes","c__Clostridia","o__Clostridiales","f__","g__","s__"
"188785","k__Bacteria","p__Firmicutes","c__Clostridia","o__Clostridiales","f__","g__","s__"
"1571092","k__Bacteria","p__Firmicutes","c__Clostridia","o__Clostridiales","f__","g__","s__"
"322839","k__Bacteria","p__Firmicutes","c__Clostridia","o__Clostridiales","f__","g__","s__"
"181348","k__Bacteria","p__Firmicutes","c__Clostridia","o__Clostridiales","f__Lachnospiraceae","g__Coprococcus","s__"
"199067","k__Bacteria","p__Firmicutes","c__Clostridia","o__Clostridiales","f__Lachnospiraceae","g__Coprococcus","s__"
"259006","k__Bacteria","p__Firmicutes","c__Clostridia","o__Clostridiales","f__","g__","s__"
"175901","k__Bacteria","p__Firmicutes","c__Clostridia","o__Clostridiales","f__","g__","s__"
"177574","k__Bacteria","p__Firmicutes","c__Clostridia","o__Clostridiales","f__","g__","s__"
"273504","k__Bacteria","p__Firmicutes","c__Clostridia","o__Clostridiales","f__","g__","s__"
"187535","k__Bacteria","p__Firmicutes","c__Clostridia","o__Clostridiales","f__","g__","s__"
"261744","k__Bacteria","p__Firmicutes","c__Clostridia","o__Clostridiales","f__","g__","s__"
"267110","k__Bacteria","p__Firmicutes","c__Clostridia","o__Clostridiales","f__","g__","s__"
"270199","k__Bacteria","p__Firmicutes","c__Clostridia","o__Clostridiales","f__Lachnospiraceae","g__","s__"
"234912","k__Bacteria","p__Firmicutes","c__Clostridia","o__Clostridiales","f__Clostridiaceae","g__Clostridium","s__"
"269532","k__Bacteria","p__Firmicutes","c__Clostridia","o__Clostridiales","f__Ruminococcaceae","g__","s__"
"187807","k__Bacteria","p__Firmicutes","c__Clostridia","o__Clostridiales","f__Ruminococcaceae","g__Oscillospira","s__"
"337727","k__Bacteria","p__Firmicutes","c__Clostridia","o__Clostridiales","f__Ruminococcaceae","g__Oscillospira","s__"
"182061","k__Bacteria","p__Firmicutes","c__Clostridia","o__Clostridiales","f__Ruminococcaceae","g__Oscillospira","s__"
"98048","k__Bacteria","p__Firmicutes","c__Clostridia","o__Clostridiales","f__Ruminococcaceae","g__Oscillospira","s__"
"194665","k__Bacteria","p__Firmicutes","c__Clostridia","o__Clostridiales","f__Ruminococcaceae","g__Oscillospira","s__"
"176118","k__Bacteria","p__Firmicutes","c__Clostridia","o__Clostridiales","f__Ruminococcaceae","g__Oscillospira","s__"
"272953","k__Bacteria","p__Firmicutes","c__Clostridia","o__Clostridiales","f__Ruminococcaceae","g__Oscillospira","s__"
"167509","k__Bacteria","p__Firmicutes","c__Clostridia","o__Clostridiales","f__Ruminococcaceae","g__Oscillospira","s__"
"198170","k__Bacteria","p__Firmicutes","c__Clostridia","o__Clostridiales","f__Ruminococcaceae","g__Oscillospira","s__"
"317633","k__Bacteria","p__Firmicutes","c__Clostridia","o__Clostridiales","f__Ruminococcaceae","g__Oscillospira","s__"
"708190","k__Bacteria","p__Firmicutes","c__Clostridia","o__Clostridiales","f__Ruminococcaceae","g__Oscillospira","s__"
"176836","k__Bacteria","p__Firmicutes","c__Clostridia","o__Clostridiales","f__Ruminococcaceae","g__Oscillospira","s__"
"174770","k__Bacteria","p__Firmicutes","c__Clostridia","o__Clostridiales","f__Ruminococcaceae","g__Oscillospira","s__"
"258899","k__Bacteria","p__Firmicutes","c__Clostridia","o__Clostridiales","f__Ruminococcaceae","g__","s__"
"265793","k__Bacteria","p__Firmicutes","c__Clostridia","o__Clostridiales","f__Ruminococcaceae","g__","s__"
"162005","k__Bacteria","p__Firmicutes","c__Clostridia","o__Clostridiales","f__Ruminococcaceae","g__Oscillospira","s__"
"307608","k__Bacteria","p__Firmicutes","c__Clostridia","o__Clostridiales","f__Ruminococcaceae","g__Oscillospira","s__"
"266411","k__Bacteria","p__Firmicutes","c__Clostridia","o__Clostridiales","f__Ruminococcaceae","g__","s__"
"414089","k__Bacteria","p__Firmicutes","c__Clostridia","o__Clostridiales","f__Ruminococcaceae",NA,NA
"176957","k__Bacteria","p__Firmicutes","c__Clostridia","o__Clostridiales","f__Ruminococcaceae","g__","s__"
"261132","k__Bacteria","p__Firmicutes","c__Clostridia","o__Clostridiales","f__Ruminococcaceae","g__","s__"
"196349","k__Bacteria","p__Firmicutes","c__Clostridia","o__Clostridiales","f__Ruminococcaceae","g__","s__"
"263272","k__Bacteria","p__Firmicutes","c__Clostridia","o__Clostridiales","f__Ruminococcaceae","g__","s__"
"4420206","k__Bacteria","p__Firmicutes","c__Clostridia","o__Clostridiales","f__Ruminococcaceae","g__Oscillospira","s__"
"191445","k__Bacteria","p__Firmicutes","c__Clostridia","o__Clostridiales","f__Ruminococcaceae","g__Oscillospira","s__"
"258550","k__Bacteria","p__Firmicutes","c__Clostridia","o__Clostridiales","f__Ruminococcaceae","g__","s__"
"97263","k__Bacteria","p__Firmicutes","c__Clostridia","o__Clostridiales","f__Ruminococcaceae","g__","s__"
"2978254","k__Bacteria","p__Firmicutes","c__Clostridia","o__Clostridiales","f__Ruminococcaceae","g__Ruminococcus","s__"
"4342104","k__Bacteria","p__Firmicutes","c__Clostridia","o__Clostridiales","f__Ruminococcaceae","g__Anaerotruncus","s__"
"338640","k__Bacteria","p__Firmicutes","c__Clostridia","o__Clostridiales","f__Ruminococcaceae","g__","s__"
"259195","k__Bacteria","p__Firmicutes","c__Clostridia","o__Clostridiales","f__Ruminococcaceae","g__Ruminococcus","s__"
"238487","k__Bacteria","p__Firmicutes","c__Clostridia","o__Clostridiales","f__Ruminococcaceae","g__Ruminococcus","s__"
"170950","k__Bacteria","p__Firmicutes","c__Clostridia","o__Clostridiales","f__Ruminococcaceae","g__Ruminococcus","s__"
"261365","k__Bacteria","p__Firmicutes","c__Clostridia","o__Clostridiales","f__Ruminococcaceae","g__Ruminococcus","s__"
"265940","k__Bacteria","p__Firmicutes","c__Clostridia","o__Clostridiales","f__Ruminococcaceae","g__Ruminococcus","s__"
"344527","k__Bacteria","p__Firmicutes","c__Clostridia","o__Clostridiales","f__Ruminococcaceae","g__","s__"
"177271","k__Bacteria","p__Firmicutes","c__Clostridia","o__Clostridiales","f__Ruminococcaceae","g__","s__"
"345804","k__Bacteria","p__Firmicutes","c__Clostridia","o__Clostridiales","f__Ruminococcaceae","g__","s__"
"185743","k__Bacteria","p__Firmicutes","c__Clostridia","o__Clostridiales","f__Ruminococcaceae","g__","s__"
"273586","k__Bacteria","p__Firmicutes","c__Clostridia","o__Clostridiales","f__Ruminococcaceae","g__","s__"
"199307","k__Bacteria","p__Firmicutes","c__Clostridia","o__Clostridiales","f__Ruminococcaceae","g__","s__"
"4439469","k__Bacteria","p__Firmicutes","c__Clostridia","o__Clostridiales","f__Ruminococcaceae","g__","s__"
"190114","k__Bacteria","p__Firmicutes","c__Clostridia","o__Clostridiales","f__Ruminococcaceae","g__Ruminococcus","s__"
"176990","k__Bacteria","p__Firmicutes","c__Clostridia","o__Clostridiales","f__Ruminococcaceae","g__Ruminococcus","s__"
"188225","k__Bacteria","p__Firmicutes","c__Clostridia","o__Clostridiales","f__Ruminococcaceae","g__","s__"
"263252","k__Bacteria","p__Firmicutes","c__Clostridia","o__Clostridiales","f__Ruminococcaceae","g__","s__"
"4343528","k__Bacteria","p__Firmicutes","c__Clostridia","o__Clostridiales","f__Ruminococcaceae","g__Oscillospira","s__"
"4430498","k__Bacteria","p__Firmicutes","c__Clostridia","o__Clostridiales","f__Ruminococcaceae","g__Oscillospira","s__"
"258725","k__Bacteria","p__Firmicutes","c__Clostridia","o__Clostridiales","f__Ruminococcaceae","g__Oscillospira","s__"
"832558","k__Bacteria","p__Firmicutes","c__Clostridia","o__Clostridiales","f__Ruminococcaceae","g__Oscillospira","s__"
"165046","k__Bacteria","p__Firmicutes","c__Clostridia","o__Clostridiales","f__Ruminococcaceae","g__Oscillospira","s__"
"1844553","k__Bacteria","p__Firmicutes","c__Clostridia","o__Clostridiales","f__Ruminococcaceae","g__Oscillospira","s__"
"259504","k__Bacteria","p__Firmicutes","c__Clostridia","o__Clostridiales","f__Ruminococcaceae","g__Oscillospira","s__"
"198194","k__Bacteria","p__Firmicutes","c__Clostridia","o__Clostridiales","f__Ruminococcaceae","g__Oscillospira","s__"
"328905","k__Bacteria","p__Firmicutes","c__Clostridia","o__Clostridiales","f__Ruminococcaceae","g__Oscillospira","s__"
"4364237","k__Bacteria","p__Firmicutes","c__Clostridia","o__Clostridiales","f__Ruminococcaceae","g__Oscillospira","s__"
"192598","k__Bacteria","p__Firmicutes","c__Clostridia","o__Clostridiales","f__Ruminococcaceae","g__","s__"
"163153","k__Bacteria","p__Firmicutes","c__Clostridia","o__Clostridiales","f__Ruminococcaceae","g__Oscillospira","s__"
"4484382","k__Bacteria","p__Firmicutes","c__Clostridia","o__Clostridiales","f__Ruminococcaceae","g__","s__"
"167034","k__Bacteria","p__Firmicutes","c__Clostridia","o__Clostridiales","f__Ruminococcaceae","g__Oscillospira","s__"
"183545","k__Bacteria","p__Firmicutes","c__Clostridia","o__Clostridiales","f__Ruminococcaceae","g__Oscillospira","s__"
"4410988","k__Bacteria","p__Firmicutes","c__Clostridia","o__Clostridiales","f__Ruminococcaceae","g__Oscillospira","s__"
"182033","k__Bacteria","p__Firmicutes","c__Clostridia","o__Clostridiales","f__Ruminococcaceae","g__","s__"
"259922","k__Bacteria","p__Firmicutes","c__Clostridia","o__Clostridiales","f__Ruminococcaceae","g__Ruminococcus","s__"
"268720","k__Bacteria","p__Firmicutes","c__Clostridia","o__Clostridiales","f__Ruminococcaceae","g__Ruminococcus","s__"
"178480","k__Bacteria","p__Firmicutes","c__Clostridia","o__Clostridiales","f__Ruminococcaceae","g__Ruminococcus","s__"
"827592","k__Bacteria","p__Firmicutes","c__Clostridia","o__Clostridiales","f__Ruminococcaceae","g__Ruminococcus","s__"
"279431","k__Bacteria","p__Firmicutes","c__Clostridia","o__Clostridiales","f__Ruminococcaceae","g__Ruminococcus","s__"
"267042","k__Bacteria","p__Firmicutes","c__Clostridia","o__Clostridiales","f__Ruminococcaceae","g__Ruminococcus","s__"
"230268","k__Bacteria","p__Firmicutes","c__Clostridia","o__Clostridiales","f__Ruminococcaceae","g__Ruminococcus","s__"
"191616","k__Bacteria","p__Firmicutes","c__Clostridia","o__Clostridiales","f__Ruminococcaceae","g__","s__"
"194478","k__Bacteria","p__Firmicutes","c__Clostridia","o__Clostridiales","f__Ruminococcaceae","g__","s__"
"375106","k__Bacteria","p__Firmicutes","c__Clostridia","o__Clostridiales","f__Ruminococcaceae","g__","s__"
"743693","k__Bacteria","p__Firmicutes","c__Clostridia","o__Clostridiales","f__","g__","s__"
"825939","k__Bacteria","p__Firmicutes","c__Clostridia","o__Clostridiales","f__","g__","s__"
"610842","k__Bacteria","p__Firmicutes","c__Clostridia","o__Clostridiales","f__","g__","s__"
"1857626","k__Bacteria","p__Firmicutes","c__Clostridia","o__Clostridiales","f__","g__","s__"
"1111328","k__Bacteria","p__Firmicutes","c__Clostridia","o__Clostridiales","f__","g__","s__"
"4455677","k__Bacteria","p__Firmicutes","c__Clostridia","o__Clostridiales","f__","g__","s__"
"258980","k__Bacteria","p__Firmicutes","c__Clostridia","o__Clostridiales","f__","g__","s__"
"665703","k__Bacteria","p__Firmicutes","c__Clostridia","o__Clostridiales","f__","g__","s__"
"173245","k__Bacteria","p__Firmicutes","c__Clostridia","o__Clostridiales","f__","g__","s__"
"730939","k__Bacteria","p__Firmicutes","c__Clostridia","o__Clostridiales","f__","g__","s__"
"308734","k__Bacteria","p__Firmicutes","c__Clostridia","o__Clostridiales","f__","g__","s__"
"2883968","k__Bacteria","p__Firmicutes","c__Clostridia","o__Clostridiales","f__","g__","s__"
"176925","k__Bacteria","p__Firmicutes","c__Clostridia","o__Clostridiales","f__","g__","s__"
"1108078","k__Bacteria","p__Firmicutes","c__Clostridia","o__Clostridiales","f__","g__","s__"
"637934","k__Bacteria","p__Firmicutes","c__Clostridia","o__Clostridiales","f__","g__","s__"
"228785","k__Bacteria","p__Firmicutes","c__Clostridia","o__Clostridiales","f__Dehalobacteriaceae","g__Dehalobacterium","s__"
"4421276","k__Bacteria","p__Firmicutes","c__Clostridia","o__Clostridiales","f__Lachnospiraceae","g__","s__"
"3957916","k__Bacteria","p__Firmicutes","c__Clostridia","o__Clostridiales","f__","g__","s__"
"4480555","k__Bacteria","p__Firmicutes","c__Clostridia","o__Clostridiales","f__","g__","s__"
"250270","k__Bacteria","p__Firmicutes","c__Clostridia","o__Clostridiales","f__","g__","s__"
"179575","k__Bacteria","p__Firmicutes","c__Clostridia","o__Clostridiales","f__Lachnospiraceae","g__","s__"
"314810","k__Bacteria","p__Firmicutes","c__Clostridia","o__Clostridiales","f__","g__","s__"
"4476330","k__Bacteria","p__Firmicutes","c__Clostridia","o__Clostridiales","f__Lachnospiraceae","g__Coprococcus","s__"
"195189","k__Bacteria","p__Firmicutes","c__Clostridia","o__Clostridiales","f__Lachnospiraceae","g__Coprococcus","s__"
"180555","k__Bacteria","p__Firmicutes","c__Clostridia","o__Clostridiales","f__Lachnospiraceae","g__Coprococcus","s__"
"188973","k__Bacteria","p__Firmicutes","c__Clostridia","o__Clostridiales","f__Lachnospiraceae","g__Coprococcus","s__"
"180362","k__Bacteria","p__Firmicutes","c__Clostridia","o__Clostridiales","f__","g__","s__"
"214471","k__Bacteria","p__Firmicutes","c__Clostridia","o__Clostridiales","f__","g__","s__"
"260666","k__Bacteria","p__Firmicutes","c__Clostridia","o__Clostridiales","f__Lachnospiraceae","g__","s__"
"4448052","k__Bacteria","p__Firmicutes","c__Clostridia","o__Clostridiales","f__Ruminococcaceae","g__Oscillospira","s__"
"178959","k__Bacteria","p__Firmicutes","c__Clostridia","o__Clostridiales","f__Ruminococcaceae","g__Oscillospira","s__"
"275218","k__Bacteria","p__Firmicutes","c__Clostridia","o__Clostridiales","f__Ruminococcaceae","g__","s__"
"4432234","k__Bacteria","p__Firmicutes","c__Clostridia","o__Clostridiales","f__Ruminococcaceae","g__","s__"
"309361","k__Bacteria","p__Firmicutes","c__Clostridia","o__Clostridiales","f__Ruminococcaceae","g__","s__"
"180535","k__Bacteria","p__Firmicutes","c__Clostridia","o__Clostridiales","f__Ruminococcaceae","g__","s__"
"170926","k__Bacteria","p__Firmicutes","c__Clostridia","o__Clostridiales","f__Ruminococcaceae","g__","s__"
"318370","k__Bacteria","p__Firmicutes","c__Clostridia","o__Clostridiales","f__Ruminococcaceae","g__","s__"
"1111580","k__Bacteria","p__Firmicutes","c__Clostridia","o__Clostridiales","f__Ruminococcaceae","g__","s__"
"133843","k__Bacteria","p__Firmicutes","c__Clostridia","o__Clostridiales","f__Lachnospiraceae","g__","s__"
"162898","k__Bacteria","p__Firmicutes","c__Clostridia","o__Clostridiales","f__Lachnospiraceae","g__","s__"
"743911","k__Bacteria","p__Firmicutes","c__Clostridia","o__Clostridiales","f__Lachnospiraceae","g__","s__"
"265011","k__Bacteria","p__Firmicutes","c__Clostridia","o__Clostridiales","f__Lachnospiraceae","g__","s__"
"259290","k__Bacteria","p__Firmicutes","c__Clostridia","o__Clostridiales","f__Lachnospiraceae","g__","s__"
"2901239","k__Bacteria","p__Firmicutes","c__Clostridia","o__Clostridiales","f__Lachnospiraceae","g__[Ruminococcus]","s__gnavus"
"173722","k__Bacteria","p__Firmicutes","c__Clostridia","o__Clostridiales","f__Lachnospiraceae","g__[Ruminococcus]","s__gnavus"
"312476","k__Bacteria","p__Firmicutes","c__Clostridia","o__Clostridiales","f__","g__","s__"
"262801","k__Bacteria","p__Firmicutes","c__Clostridia","o__Clostridiales","f__","g__","s__"
"264684","k__Bacteria","p__Firmicutes","c__Clostridia","o__Clostridiales","f__","g__","s__"
"193680","k__Bacteria","p__Firmicutes","c__Clostridia","o__Clostridiales","f__Lachnospiraceae","g__","s__"
"258368","k__Bacteria","p__Firmicutes","c__Clostridia","o__Clostridiales","f__Lachnospiraceae","g__","s__"
"164237","k__Bacteria","p__Firmicutes","c__Clostridia","o__Clostridiales","f__","g__","s__"
"4435934","k__Bacteria","p__Firmicutes","c__Clostridia","o__Clostridiales","f__","g__","s__"
"133206","k__Bacteria","p__Firmicutes","c__Clostridia","o__Clostridiales","f__","g__","s__"
"175575","k__Bacteria","p__Firmicutes","c__Clostridia","o__Clostridiales","f__","g__","s__"
"732285","k__Bacteria","p__Firmicutes","c__Clostridia","o__Clostridiales","f__","g__","s__"
"197765","k__Bacteria","p__Firmicutes","c__Clostridia","o__Clostridiales","f__Lachnospiraceae","g__Dorea","s__"
"175998","k__Bacteria","p__Firmicutes","c__Clostridia","o__Clostridiales","f__Lachnospiraceae","g__[Ruminococcus]","s__gnavus"
"191098","k__Bacteria","p__Firmicutes","c__Clostridia","o__Clostridiales","f__Lachnospiraceae","g__","s__"
"4356342","k__Bacteria","p__Firmicutes","c__Clostridia","o__Clostridiales","f__","g__","s__"
"273364","k__Bacteria","p__Firmicutes","c__Clostridia","o__Clostridiales","f__","g__","s__"
"171532","k__Bacteria","p__Firmicutes","c__Clostridia","o__Clostridiales","f__Lachnospiraceae","g__","s__"
"181419","k__Bacteria","p__Firmicutes","c__Clostridia","o__Clostridiales","f__","g__","s__"
"318503","k__Bacteria","p__Firmicutes","c__Clostridia","o__Clostridiales","f__","g__","s__"
"264225","k__Bacteria","p__Firmicutes","c__Clostridia","o__Clostridiales","f__","g__","s__"
"258559","k__Bacteria","p__Firmicutes","c__Clostridia","o__Clostridiales","f__Lachnospiraceae","g__","s__"
"199137","k__Bacteria","p__Firmicutes","c__Clostridia","o__Clostridiales","f__Lachnospiraceae","g__Coprococcus","s__"
"4462541","k__Bacteria","p__Firmicutes","c__Clostridia","o__Clostridiales","f__","g__","s__"
"276837","k__Bacteria","p__Firmicutes","c__Clostridia","o__Clostridiales","f__","g__","s__"
"136604","k__Bacteria","p__Firmicutes","c__Clostridia","o__Clostridiales","f__Lachnospiraceae","g__","s__"
"263138","k__Bacteria","p__Firmicutes","c__Clostridia","o__Clostridiales","f__","g__","s__"
"4380294","k__Bacteria","p__Firmicutes","c__Clostridia","o__Clostridiales","f__","g__","s__"
"3750373","k__Bacteria","p__Firmicutes","c__Clostridia","o__Clostridiales","f__Lachnospiraceae","g__[Ruminococcus]","s__gnavus"
"258969","k__Bacteria","p__Firmicutes","c__Clostridia","o__Clostridiales","f__Lachnospiraceae","g__[Ruminococcus]","s__gnavus"
"191583","k__Bacteria","p__Firmicutes","c__Clostridia","o__Clostridiales","f__Lachnospiraceae","g__[Ruminococcus]","s__gnavus"
"295075","k__Bacteria","p__Firmicutes","c__Clostridia","o__Clostridiales","f__Lachnospiraceae","g__[Ruminococcus]","s__gnavus"
"262633","k__Bacteria","p__Firmicutes","c__Clostridia","o__Clostridiales","f__Lachnospiraceae","g__[Ruminococcus]","s__gnavus"
"173192","k__Bacteria","p__Firmicutes","c__Clostridia","o__Clostridiales","f__Lachnospiraceae","g__[Ruminococcus]","s__gnavus"
"170056","k__Bacteria","p__Firmicutes","c__Clostridia","o__Clostridiales","f__Lachnospiraceae","g__[Ruminococcus]","s__gnavus"
"266946","k__Bacteria","p__Firmicutes","c__Clostridia","o__Clostridiales","f__Lachnospiraceae","g__[Ruminococcus]","s__gnavus"
"4390754","k__Bacteria","p__Firmicutes","c__Clostridia","o__Clostridiales","f__Lachnospiraceae","g__[Ruminococcus]","s__gnavus"
"2897332","k__Bacteria","p__Firmicutes","c__Clostridia","o__Clostridiales","f__Lachnospiraceae","g__[Ruminococcus]","s__gnavus"
"839215","k__Bacteria","p__Firmicutes","c__Clostridia","o__Clostridiales","f__","g__","s__"
"333351","k__Bacteria","p__Firmicutes","c__Clostridia","o__Clostridiales","f__","g__","s__"
"1107459","k__Bacteria","p__Firmicutes","c__Clostridia","o__Clostridiales","f__","g__","s__"
"179949","k__Bacteria","p__Firmicutes","c__Clostridia","o__Clostridiales","f__","g__","s__"
"262917","k__Bacteria","p__Firmicutes","c__Clostridia","o__Clostridiales","f__","g__","s__"
"258179","k__Bacteria","p__Firmicutes","c__Clostridia","o__Clostridiales","f__","g__","s__"
"321809","k__Bacteria","p__Firmicutes","c__Clostridia","o__Clostridiales","f__Lachnospiraceae","g__","s__"
"267478","k__Bacteria","p__Firmicutes","c__Clostridia","o__Clostridiales","f__Lachnospiraceae","g__","s__"
"303479","k__Bacteria","p__Firmicutes","c__Clostridia","o__Clostridiales","f__Lachnospiraceae","g__","s__"
"258641","k__Bacteria","p__Firmicutes","c__Clostridia","o__Clostridiales","f__Lachnospiraceae","g__","s__"
"607540","k__Bacteria","p__Firmicutes","c__Clostridia","o__Clostridiales","f__Lachnospiraceae","g__Coprococcus","s__"
"172859","k__Bacteria","p__Firmicutes","c__Clostridia","o__Clostridiales","f__","g__","s__"
"1108378","k__Bacteria","p__Firmicutes","c__Clostridia","o__Clostridiales","f__","g__","s__"
"174071","k__Bacteria","p__Firmicutes","c__Clostridia","o__Clostridiales","f__","g__","s__"
"176868","k__Bacteria","p__Firmicutes","c__Clostridia","o__Clostridiales","f__Dehalobacteriaceae","g__Dehalobacterium","s__"
"268733","k__Bacteria","p__Firmicutes","c__Clostridia","o__Clostridiales","f__Clostridiaceae","g__","s__"
"4376828","k__Bacteria","p__Actinobacteria","c__Actinobacteria","o__Bifidobacteriales","f__Bifidobacteriaceae","g__Bifidobacterium",NA
"4474255","k__Bacteria","p__Proteobacteria","c__Betaproteobacteria","o__Burkholderiales","f__Alcaligenaceae","g__Sutterella","s__"
"4449236","k__Bacteria","p__Proteobacteria","c__Betaproteobacteria","o__Burkholderiales","f__Alcaligenaceae","g__Sutterella","s__"
"1684221","k__Bacteria","p__Proteobacteria","c__Deltaproteobacteria","o__Desulfovibrionales","f__Desulfovibrionaceae","g__Desulfovibrio","s__"
"661055","k__Bacteria","p__Firmicutes","c__Clostridia","o__Clostridiales","f__","g__","s__"
"628218","k__Bacteria","p__Firmicutes","c__Clostridia","o__Clostridiales","f__","g__","s__"
"264155","k__Bacteria","p__Firmicutes","c__Clostridia","o__Clostridiales","f__","g__","s__"
"259870","k__Bacteria","p__Firmicutes","c__Clostridia","o__Clostridiales","f__","g__","s__"
"189476","k__Bacteria","p__Firmicutes","c__Clostridia","o__Clostridiales","f__","g__","s__"
"214116","k__Bacteria","p__Firmicutes","c__Clostridia","o__Clostridiales","f__","g__","s__"
"258957","k__Bacteria","p__Firmicutes","c__Clostridia","o__Clostridiales","f__","g__","s__"
"359376","k__Bacteria","p__Verrucomicrobia","c__Verrucomicrobiae","o__Verrucomicrobiales","f__Verrucomicrobiaceae","g__Akkermansia","s__muciniphila"
"4306262","k__Bacteria","p__Verrucomicrobia","c__Verrucomicrobiae","o__Verrucomicrobiales","f__Verrucomicrobiaceae","g__Akkermansia","s__muciniphila"
"1100972","k__Bacteria","p__Firmicutes","c__Bacilli","o__Lactobacillales","f__Streptococcaceae","g__Lactococcus","s__"
"258421","k__Bacteria","p__Firmicutes","c__Erysipelotrichi","o__Erysipelotrichales","f__Erysipelotrichaceae","g__Allobaculum","s__"
"276236","k__Bacteria","p__Firmicutes","c__Erysipelotrichi","o__Erysipelotrichales","f__Erysipelotrichaceae","g__Allobaculum","s__"
"4407703","k__Bacteria","p__Firmicutes","c__Erysipelotrichi","o__Erysipelotrichales","f__Erysipelotrichaceae","g__Coprobacillus","s__"
"262095","k__Bacteria","p__Firmicutes","c__Erysipelotrichi","o__Erysipelotrichales","f__Erysipelotrichaceae","g__Clostridium",NA
"461524","k__Bacteria","p__Actinobacteria","c__Coriobacteriia","o__Coriobacteriales","f__Coriobacteriaceae","g__","s__"
"825063","k__Bacteria","p__Tenericutes","c__Mollicutes","o__RF39","f__","g__","s__"
"1113282","k__Bacteria","p__Tenericutes","c__Mollicutes","o__RF39","f__","g__","s__"
"4343981","k__Bacteria","p__Tenericutes","c__Mollicutes","o__RF39","f__","g__","s__"
"2286580","k__Bacteria","p__Tenericutes","c__Mollicutes","o__RF39","f__","g__","s__"
"4428313","k__Bacteria","p__Firmicutes","c__Bacilli","o__Lactobacillales","f__Lactobacillaceae","g__Lactobacillus","s__"
"851733","k__Bacteria","p__Firmicutes","c__Bacilli","o__Lactobacillales","f__Lactobacillaceae","g__Lactobacillus","s__"
"169428","k__Bacteria","p__Firmicutes","c__Bacilli","o__Lactobacillales","f__Lactobacillaceae","g__Lactobacillus","s__"
"214919","k__Bacteria","p__Firmicutes","c__Bacilli","o__Turicibacterales","f__Turicibacteraceae","g__Turicibacter","s__"
"4390755","k__Bacteria","p__Tenericutes","c__Mollicutes","o__Anaeroplasmatales","f__Anaeroplasmataceae","g__Anaeroplasma","s__"
"4409730","k__Bacteria","p__Firmicutes","c__Clostridia","o__Clostridiales","f__Clostridiaceae","g__","s__"
"261590","k__Bacteria","p__Firmicutes","c__Clostridia","o__Clostridiales","f__Peptostreptococcaceae","g__","s__"
"228140","k__Bacteria","p__Firmicutes","c__Clostridia","o__Clostridiales","f__Clostridiaceae","g__","s__"
"189279","k__Bacteria","p__Firmicutes","c__Clostridia","o__Clostridiales",NA,NA,NA
"185222","k__Bacteria","p__Firmicutes","c__Clostridia","o__Clostridiales","f__Clostridiaceae","g__","s__"
"4410166","k__Bacteria","p__Bacteroidetes","c__Bacteroidia","o__Bacteroidales","f__Prevotellaceae","g__Prevotella","s__copri"
"4436552","k__Bacteria","p__Bacteroidetes","c__Bacteroidia","o__Bacteroidales","f__Prevotellaceae","g__Prevotella","s__copri"
"291725","k__Bacteria","p__Bacteroidetes","c__Bacteroidia","o__Bacteroidales","f__Prevotellaceae","g__Prevotella","s__copri"
"4457872","k__Bacteria","p__Bacteroidetes","c__Bacteroidia","o__Bacteroidales","f__Bacteroidaceae","g__Bacteroides","s__"
"3465320","k__Bacteria","p__Bacteroidetes","c__Bacteroidia","o__Bacteroidales","f__Bacteroidaceae","g__Bacteroides","s__"
"2063400","k__Bacteria","p__Bacteroidetes","c__Bacteroidia","o__Bacteroidales","f__Bacteroidaceae","g__Bacteroides","s__"
"4468234","k__Bacteria","p__Bacteroidetes","c__Bacteroidia","o__Bacteroidales","f__Bacteroidaceae","g__Bacteroides","s__"
"2656868","k__Bacteria","p__Bacteroidetes","c__Bacteroidia","o__Bacteroidales","f__Bacteroidaceae","g__Bacteroides","s__"
"4372003","k__Bacteria","p__Bacteroidetes","c__Bacteroidia","o__Bacteroidales","f__Porphyromonadaceae","g__Parabacteroides","s__"
"4438116","k__Bacteria","p__Bacteroidetes","c__Bacteroidia","o__Bacteroidales","f__Bacteroidaceae","g__Bacteroides","s__"
"4318470","k__Bacteria","p__Bacteroidetes","c__Bacteroidia","o__Bacteroidales","f__Bacteroidaceae","g__Bacteroides","s__"
"4307093","k__Bacteria","p__Bacteroidetes","c__Bacteroidia","o__Bacteroidales","f__[Paraprevotellaceae]","g__[Prevotella]","s__"
"4307094","k__Bacteria","p__Bacteroidetes","c__Bacteroidia","o__Bacteroidales","f__[Paraprevotellaceae]","g__[Prevotella]","s__"
"199698","k__Bacteria","p__Bacteroidetes","c__Bacteroidia","o__Bacteroidales","f__S24-7","g__","s__"
"3172949","k__Bacteria","p__Bacteroidetes","c__Bacteroidia","o__Bacteroidales","f__S24-7","g__","s__"
"177533","k__Bacteria","p__Bacteroidetes","c__Bacteroidia","o__Bacteroidales","f__S24-7","g__","s__"
"663226","k__Bacteria","p__Firmicutes","c__Clostridia","o__Clostridiales","f__Veillonellaceae","g__","s__"
"186122","k__Bacteria","p__Firmicutes","c__Clostridia","o__Clostridiales","f__Lachnospiraceae","g__","s__"
"259556","k__Bacteria","p__Firmicutes","c__Clostridia","o__Clostridiales","f__","g__","s__"
"192204","k__Bacteria","p__Firmicutes","c__Clostridia","o__Clostridiales","f__Lachnospiraceae","g__","s__"
"175114","k__Bacteria","p__Firmicutes","c__Clostridia","o__Clostridiales","f__","g__","s__"
"4440624","k__Bacteria","p__Firmicutes","c__Clostridia","o__Clostridiales","f__Lachnospiraceae","g__","s__"
"260156","k__Bacteria","p__Firmicutes","c__Clostridia","o__Clostridiales","f__","g__","s__"
"174320","k__Bacteria","p__Firmicutes","c__Clostridia","o__Clostridiales","f__","g__","s__"
"179703","k__Bacteria","p__Firmicutes","c__Clostridia","o__Clostridiales","f__","g__","s__"
"261064","k__Bacteria","p__Firmicutes","c__Clostridia","o__Clostridiales","f__","g__","s__"
